{
  "model_path": "models/Qwen-Mahjong-V1-Reranker-SFT100-Merged",
  "data_file": "Reranker_grpo_data/reranker_grpo_env.jsonl",
  "examples": 19,
  "adapters": {
    "base": {
      "overall": {
        "examples": 19,
        "mean_selected_reward": 1.6217105263157894,
        "mean_reference_reward": 1.6217105263157894,
        "mean_gain_over_reference": 0.0,
        "positive_gain_rate": 0,
        "negative_gain_rate": 0,
        "best_action_rate": 0.2631578947368421,
        "mean_regret": 0.7368421052631579,
        "changed_reference_rate": 0,
        "json_parse_rate": 0.9473684210526315,
        "raw_legal_rate": 0.9473684210526315,
        "mean_latency_ms": 197.9345571323249
      },
      "by_mode": {
        "exploit": {
          "examples": 19,
          "mean_selected_reward": 1.6217105263157894,
          "mean_reference_reward": 1.6217105263157894,
          "mean_gain_over_reference": 0.0,
          "positive_gain_rate": 0,
          "negative_gain_rate": 0,
          "best_action_rate": 0.2631578947368421,
          "mean_regret": 0.7368421052631579,
          "changed_reference_rate": 0,
          "json_parse_rate": 0.9473684210526315,
          "raw_legal_rate": 0.9473684210526315,
          "mean_latency_ms": 197.9345571323249
        }
      }
    },
    "qwen-reranker-grpo-multimode-v2-range20/checkpoint-20": {
      "overall": {
        "examples": 19,
        "mean_selected_reward": 1.6217105263157894,
        "mean_reference_reward": 1.6217105263157894,
        "mean_gain_over_reference": 0.0,
        "positive_gain_rate": 0,
        "negative_gain_rate": 0,
        "best_action_rate": 0.2631578947368421,
        "mean_regret": 0.7368421052631579,
        "changed_reference_rate": 0,
        "json_parse_rate": 0.9473684210526315,
        "raw_legal_rate": 0.9473684210526315,
        "mean_latency_ms": 358.3868357083319
      },
      "by_mode": {
        "exploit": {
          "examples": 19,
          "mean_selected_reward": 1.6217105263157894,
          "mean_reference_reward": 1.6217105263157894,
          "mean_gain_over_reference": 0.0,
          "positive_gain_rate": 0,
          "negative_gain_rate": 0,
          "best_action_rate": 0.2631578947368421,
          "mean_regret": 0.7368421052631579,
          "changed_reference_rate": 0,
          "json_parse_rate": 0.9473684210526315,
          "raw_legal_rate": 0.9473684210526315,
          "mean_latency_ms": 358.3868357083319
        }
      }
    },
    "qwen-reranker-grpo-multimode-v2-range20/checkpoint-40": {
      "overall": {
        "examples": 19,
        "mean_selected_reward": 1.6217105263157894,
        "mean_reference_reward": 1.6217105263157894,
        "mean_gain_over_reference": 0.0,
        "positive_gain_rate": 0,
        "negative_gain_rate": 0,
        "best_action_rate": 0.2631578947368421,
        "mean_regret": 0.7368421052631579,
        "changed_reference_rate": 0,
        "json_parse_rate": 1,
        "raw_legal_rate": 1,
        "mean_latency_ms": 357.2772308865464
      },
      "by_mode": {
        "exploit": {
          "examples": 19,
          "mean_selected_reward": 1.6217105263157894,
          "mean_reference_reward": 1.6217105263157894,
          "mean_gain_over_reference": 0.0,
          "positive_gain_rate": 0,
          "negative_gain_rate": 0,
          "best_action_rate": 0.2631578947368421,
          "mean_regret": 0.7368421052631579,
          "changed_reference_rate": 0,
          "json_parse_rate": 1,
          "raw_legal_rate": 1,
          "mean_latency_ms": 357.2772308865464
        }
      }
    },
    "qwen-reranker-grpo-multimode-v2-range20/checkpoint-60": {
      "overall": {
        "examples": 19,
        "mean_selected_reward": 1.6217105263157894,
        "mean_reference_reward": 1.6217105263157894,
        "mean_gain_over_reference": 0.0,
        "positive_gain_rate": 0,
        "negative_gain_rate": 0,
        "best_action_rate": 0.2631578947368421,
        "mean_regret": 0.7368421052631579,
        "changed_reference_rate": 0,
        "json_parse_rate": 0.9473684210526315,
        "raw_legal_rate": 0.9473684210526315,
        "mean_latency_ms": 372.7067009374303
      },
      "by_mode": {
        "exploit": {
          "examples": 19,
          "mean_selected_reward": 1.6217105263157894,
          "mean_reference_reward": 1.6217105263157894,
          "mean_gain_over_reference": 0.0,
          "positive_gain_rate": 0,
          "negative_gain_rate": 0,
          "best_action_rate": 0.2631578947368421,
          "mean_regret": 0.7368421052631579,
          "changed_reference_rate": 0,
          "json_parse_rate": 0.9473684210526315,
          "raw_legal_rate": 0.9473684210526315,
          "mean_latency_ms": 372.7067009374303
        }
      }
    },
    "qwen-reranker-grpo-multimode-v2-range20/checkpoint-80": {
      "overall": {
        "examples": 19,
        "mean_selected_reward": 1.6217105263157894,
        "mean_reference_reward": 1.6217105263157894,
        "mean_gain_over_reference": 0.0,
        "positive_gain_rate": 0,
        "negative_gain_rate": 0,
        "best_action_rate": 0.2631578947368421,
        "mean_regret": 0.7368421052631579,
        "changed_reference_rate": 0,
        "json_parse_rate": 0.9473684210526315,
        "raw_legal_rate": 0.9473684210526315,
        "mean_latency_ms": 356.7700497806072
      },
      "by_mode": {
        "exploit": {
          "examples": 19,
          "mean_selected_reward": 1.6217105263157894,
          "mean_reference_reward": 1.6217105263157894,
          "mean_gain_over_reference": 0.0,
          "positive_gain_rate": 0,
          "negative_gain_rate": 0,
          "best_action_rate": 0.2631578947368421,
          "mean_regret": 0.7368421052631579,
          "changed_reference_rate": 0,
          "json_parse_rate": 0.9473684210526315,
          "raw_legal_rate": 0.9473684210526315,
          "mean_latency_ms": 356.7700497806072
        }
      }
    },
    "qwen-reranker-grpo-multimode-v2-range20/checkpoint-100": {
      "overall": {
        "examples": 19,
        "mean_selected_reward": 1.6217105263157894,
        "mean_reference_reward": 1.6217105263157894,
        "mean_gain_over_reference": 0.0,
        "positive_gain_rate": 0,
        "negative_gain_rate": 0,
        "best_action_rate": 0.2631578947368421,
        "mean_regret": 0.7368421052631579,
        "changed_reference_rate": 0,
        "json_parse_rate": 1,
        "raw_legal_rate": 1,
        "mean_latency_ms": 359.4527243955159
      },
      "by_mode": {
        "exploit": {
          "examples": 19,
          "mean_selected_reward": 1.6217105263157894,
          "mean_reference_reward": 1.6217105263157894,
          "mean_gain_over_reference": 0.0,
          "positive_gain_rate": 0,
          "negative_gain_rate": 0,
          "best_action_rate": 0.2631578947368421,
          "mean_regret": 0.7368421052631579,
          "changed_reference_rate": 0,
          "json_parse_rate": 1,
          "raw_legal_rate": 1,
          "mean_latency_ms": 359.4527243955159
        }
      }
    },
    "qwen-reranker-grpo-multimode-v2-range20/checkpoint-120": {
      "overall": {
        "examples": 19,
        "mean_selected_reward": 1.6217105263157894,
        "mean_reference_reward": 1.6217105263157894,
        "mean_gain_over_reference": 0.0,
        "positive_gain_rate": 0,
        "negative_gain_rate": 0,
        "best_action_rate": 0.2631578947368421,
        "mean_regret": 0.7368421052631579,
        "changed_reference_rate": 0,
        "json_parse_rate": 1,
        "raw_legal_rate": 1,
        "mean_latency_ms": 376.18995169912904
      },
      "by_mode": {
        "exploit": {
          "examples": 19,
          "mean_selected_reward": 1.6217105263157894,
          "mean_reference_reward": 1.6217105263157894,
          "mean_gain_over_reference": 0.0,
          "positive_gain_rate": 0,
          "negative_gain_rate": 0,
          "best_action_rate": 0.2631578947368421,